cores,time
1,1849.000000
2,1156.000000
4,597.000000
8,301.000000
12,232.000000
