cores,time
1,930.000000
2,546.000000
4,344.000000
8,173.000000
12,129.000000
