"cores","time"
1,9563.54238200188
2,5456.6662170887
4,2824.87551593781
8,1450.57031607628
12,1068.27082705498
