cores,time
1,2003.1400001049042
2,1258.638000011444
4,724.8689999580383
8,514.3280000686646
12,502.45700001716614
